
Que=WAQTD distinct designation and deptno from employee table.

mysql>  select distinct designation,deptno from employee;
+--------------------+--------+
| designation        | deptno |
+--------------------+--------+
| software-developer |     10 |
| Clerk              |     20 |
| Tester             |     20 |
| Tech-Support       |     40 |
| HR                 |     30 |
| Software-Developer |     40 |
| Clerk              |     50 |
+--------------------+--------+
7 rows in set (0.07 sec)



Que=WAQTD all the records of employee whose employee id is 1;

 mysql> select * from employee where eid=1;
+-----+---------+----------+------------+------+------------+------------+--------+--------+----------------------------+--------+--------------------+
| eid | name    | mobileno | dob        | age  | doj        | bloodgroup | deptno | salary | email                      | gender | designation        |
+-----+---------+----------+------------+------+------------+------------+--------+--------+----------------------------+--------+--------------------+
|   1 | Deeksha |    89898 | 1996-10-06 |   23 | 2017-02-16 | B+         |     10 |  45000 | Deeksha.kamrani0@gmail.com | Female | software-developer |
+-----+---------+----------+------------+------+------------+------------+--------+--------+----------------------------+--------+--------------------+
1 row in set (0.00 sec)




Que=WAQTD all the records of employee who are not working in deptno=20.

mysql>  select * from employee where deptno!=20;
+-----+----------+----------+------------+------+------------+------------+--------+--------+----------------------------+--------+--------------------+
| eid | name     | mobileno | dob        | age  | doj        | bloodgroup | deptno | salary | email                      | gender | designation        |
+-----+----------+----------+------------+------+------------+------------+--------+--------+----------------------------+--------+--------------------+
|   1 | Deeksha  |    89898 | 1996-10-06 |   23 | 2017-02-16 | B+         |     10 |  45000 | Deeksha.kamrani0@gmail.com | Female | software-developer |
|   4 | Yash     |    45678 | 1992-04-23 |   25 | 2015-10-15 | B+         |     40 |  67000 | Yashkamrani123@gmail.com   | Male   | Tech-Support       |
|   5 | Dilip    |    76548 | 1997-07-18 |   22 | 2017-09-28 | A+         |     30 |  56000 | dilipkamrani11@gmail.com   | Male   | HR                 |
|   6 | Pari     |    73652 | 1992-03-29 |   24 | 2019-10-11 | O+         |     40 |  78000 | parisahni11@gmail.com      | Female | Software-Developer |
|   7 | Neerav   |    76549 | 1996-12-12 |   27 | 2017-10-23 | B+         |     50 |  76000 | NeeravSoni@gmail.com       | Male   | Clerk              |
|   8 | Paritosh |    45623 | 1993-06-26 |   27 | 2018-09-23 | B-         |     10 |  65000 | ParitoshSahni@gmail.com    | Male   | Software-developer |
|  10 | Jenny    |    98756 | 1995-08-11 |   22 | 2017-10-06 | B+         |     30 |  67000 | Jeny@gmail.com             | Female | HR                 |
+-----+----------+----------+------------+------+------------+------------+--------+--------+----------------------------+--------+--------------------+
7 rows in set (0.00 sec)




Que=WAQTD all the records of employees whose job designation is software developer.

mysql>  select * from employee where designation='software-developer';
+-----+----------+----------+------------+------+------------+------------+--------+--------+----------------------------+--------+--------------------+
| eid | name     | mobileno | dob        | age  | doj        | bloodgroup | deptno | salary | email                      | gender | designation        |
+-----+----------+----------+------------+------+------------+------------+--------+--------+----------------------------+--------+--------------------+
|   1 | Deeksha  |    89898 | 1996-10-06 |   23 | 2017-02-16 | B+         |     10 |  45000 | Deeksha.kamrani0@gmail.com | Female | software-developer |
|   6 | Pari     |    73652 | 1992-03-29 |   24 | 2019-10-11 | O+         |     40 |  78000 | parisahni11@gmail.com      | Female | Software-Developer |
|   8 | Paritosh |    45623 | 1993-06-26 |   27 | 2018-09-23 | B-         |     10 |  65000 | ParitoshSahni@gmail.com    | Male   | Software-developer |
+-----+----------+----------+------------+------+------------+------------+--------+--------+----------------------------+--------+--------------------+
3 rows in set (0.00 sec)



Que=WAQTD name, salary, email, mobileno of employees whose age is greater than 23.

mysql> select name , salary , email, mobileno from employee  where age>=23;
+----------+--------+----------------------------+----------+
| name     | salary | email                      | mobileno |
+----------+--------+----------------------------+----------+
| Deeksha  |  45000 | Deeksha.kamrani0@gmail.com |    89898 |
| Rainy    |  32000 | Rainy.Pandey@gmail.com     |    87659 |
| Yash     |  67000 | Yashkamrani123@gmail.com   |    45678 |
| Pari     |  78000 | parisahni11@gmail.com      |    73652 |
| Neerav   |  76000 | NeeravSoni@gmail.com       |    76549 |
| Paritosh |  65000 | ParitoshSahni@gmail.com    |    45623 |
+----------+--------+----------------------------+----------+
6 rows in set (0.00 sec)




Que=WAQTD all the records of employees whose salary is less than 40000.

mysql> select * from employee where salary<=40000;
+-----+-------+----------+------------+------+------------+------------+--------+--------+---------------------------+--------+-------------+
| eid | name  | mobileno | dob        | age  | doj        | bloodgroup | deptno | salary | email                     | gender | designation |
+-----+-------+----------+------------+------+------------+------------+--------+--------+---------------------------+--------+-------------+
|   2 | Nisha |    98268 | 1970-09-09 |   21 | 2014-09-12 | O+         |     20 |  23000 | Nisha.kamrani01@gmail.com | Male   | Clerk       |
|   3 | Rainy |    87659 | 1998-02-18 |   24 | 2016-04-17 | A+         |     20 |  32000 | Rainy.Pandey@gmail.com    | Female | Tester      |
+-----+-------+----------+------------+------+------------+------------+--------+--------+---------------------------+--------+-------------+
2 rows in set (0.00 sec)




Que= WAQTD employee details whose job designation is tester and age is 24.
mysql> select * from employee where designation='tester' and age=24;
+-----+-------+----------+------------+------+------------+------------+--------+--------+------------------------+--------+-------------+
| eid | name  | mobileno | dob        | age  | doj        | bloodgroup | deptno | salary | email                  | gender | designation |
+-----+-------+----------+------------+------+------------+------------+--------+--------+------------------------+--------+-------------+
|   3 | Rainy |    87659 | 1998-02-18 |   24 | 2016-04-17 | A+         |     20 |  32000 | Rainy.Pandey@gmail.com | Female | Tester      |
+-----+-------+----------+------------+------+------------+------------+--------+--------+------------------------+--------+-------------+
1 row in set (0.00 sec)




Que=WAQTD name, salary  from  the employee table who are working in deptno 10 & 20.

mysql>  select name, salary, deptno from employee where deptno=10 and deptno=20;
Empty set (0.00 sec)



Que=WAQTD all the employee details who are working in department 20 as well as salary is greater than 25000.

mysql>  select * from employee where deptno=20 and salary>25000;
+-----+-------+----------+------------+------+------------+------------+--------+--------+------------------------+--------+-------------+
| eid | name  | mobileno | dob        | age  | doj        | bloodgroup | deptno | salary | email                  | gender | designation |
+-----+-------+----------+------------+------+------------+------------+--------+--------+------------------------+--------+-------------+
|   3 | Rainy |    87659 | 1998-02-18 |   24 | 2016-04-17 | A+         |     20 |  32000 | Rainy.Pandey@gmail.com | Female | Tester      |
+-----+-------+----------+------------+------+------------+------------+--------+--------+------------------------+--------+-------------+
1 row in set (0.00 sec)



Que=WAQTD all the records of employee who is working as a tester or having salary more than 40000.

mysql>  select * from employee where designation='tester' or salary > 40000;
+-----+----------+----------+------------+------+------------+------------+--------+--------+----------------------------+--------+--------------------+
| eid | name     | mobileno | dob        | age  | doj        | bloodgroup | deptno | salary | email                      | gender | designation        |
+-----+----------+----------+------------+------+------------+------------+--------+--------+----------------------------+--------+--------------------+
|   1 | Deeksha  |    89898 | 1996-10-06 |   23 | 2017-02-16 | B+         |     10 |  45000 | Deeksha.kamrani0@gmail.com | Female | software-developer |
|   3 | Rainy    |    87659 | 1998-02-18 |   24 | 2016-04-17 | A+         |     20 |  32000 | Rainy.Pandey@gmail.com     | Female | Tester             |
|   4 | Yash     |    45678 | 1992-04-23 |   25 | 2015-10-15 | B+         |     40 |  67000 | Yashkamrani123@gmail.com   | Male   | Tech-Support       |
|   5 | Dilip    |    76548 | 1997-07-18 |   22 | 2017-09-28 | A+         |     30 |  56000 | dilipkamrani11@gmail.com   | Male   | HR                 |
|   6 | Pari     |    73652 | 1992-03-29 |   24 | 2019-10-11 | O+         |     40 |  78000 | parisahni11@gmail.com      | Female | Software-Developer |
|   7 | Neerav   |    76549 | 1996-12-12 |   27 | 2017-10-23 | B+         |     50 |  76000 | NeeravSoni@gmail.com       | Male   | Clerk              |
|   8 | Paritosh |    45623 | 1993-06-26 |   27 | 2018-09-23 | B-         |     10 |  65000 | ParitoshSahni@gmail.com    | Male   | Software-developer |
|  10 | Jenny    |    98756 | 1995-08-11 |   22 | 2017-10-06 | B+         |     30 |  67000 | Jeny@gmail.com             | Female | HR                 |
+-----+----------+----------+------------+------+------------+------------+--------+--------+----------------------------+--------+--------------------+
8 rows in set (0.00 sec)



Que=WAQTD name,salary,age from the employee table who is working in deptno 10 or 20 or 30.

mysql>  select name, salary, age, deptno from employee where deptno=10 or deptno=20 or deptno=30;
+----------+--------+------+--------+
| name     | salary | age  | deptno |
+----------+--------+------+--------+
| Deeksha  |  45000 |   23 |     10 |
| Nisha    |  23000 |   21 |     20 |
| Rainy    |  32000 |   24 |     20 |
| Dilip    |  56000 |   22 |     30 |
| Paritosh |  65000 |   27 |     10 |
| Jenny    |  67000 |   22 |     30 |
+----------+--------+------+--------+
6 rows in set (0.00 sec)




Que=WAQTD all the records of employee who are not working as a tester.

mysql>  select * from employee where not designation='tester';
+-----+----------+----------+------------+------+------------+------------+--------+--------+----------------------------+--------+--------------------+
| eid | name     | mobileno | dob        | age  | doj        | bloodgroup | deptno | salary | email                      | gender | designation        |
+-----+----------+----------+------------+------+------------+------------+--------+--------+----------------------------+--------+--------------------+
|   1 | Deeksha  |    89898 | 1996-10-06 |   23 | 2017-02-16 | B+         |     10 |  45000 | Deeksha.kamrani0@gmail.com | Female | software-developer |
|   2 | Nisha    |    98268 | 1970-09-09 |   21 | 2014-09-12 | O+         |     20 |  23000 | Nisha.kamrani01@gmail.com  | Male   | Clerk              |
|   4 | Yash     |    45678 | 1992-04-23 |   25 | 2015-10-15 | B+         |     40 |  67000 | Yashkamrani123@gmail.com   | Male   | Tech-Support       |
|   5 | Dilip    |    76548 | 1997-07-18 |   22 | 2017-09-28 | A+         |     30 |  56000 | dilipkamrani11@gmail.com   | Male   | HR                 |
|   6 | Pari     |    73652 | 1992-03-29 |   24 | 2019-10-11 | O+         |     40 |  78000 | parisahni11@gmail.com      | Female | Software-Developer |
|   7 | Neerav   |    76549 | 1996-12-12 |   27 | 2017-10-23 | B+         |     50 |  76000 | NeeravSoni@gmail.com       | Male   | Clerk              |
|   8 | Paritosh |    45623 | 1993-06-26 |   27 | 2018-09-23 | B-         |     10 |  65000 | ParitoshSahni@gmail.com    | Male   | Software-developer |
|  10 | Jenny    |    98756 | 1995-08-11 |   22 | 2017-10-06 | B+         |     30 |  67000 | Jeny@gmail.com             | Female | HR                 |
+-----+----------+----------+------------+------+------------+------------+--------+--------+----------------------------+--------+--------------------+
8 rows in set (0.00 sec)




Que=WAQTD all the records of employee who are not working as a tester.

mysql> select * from employee where designation!='tester';
+-----+----------+----------+------------+------+------------+------------+--------+--------+----------------------------+--------+--------------------+
| eid | name     | mobileno | dob        | age  | doj        | bloodgroup | deptno | salary | email                      | gender | designation        |
+-----+----------+----------+------------+------+------------+------------+--------+--------+----------------------------+--------+--------------------+
|   1 | Deeksha  |    89898 | 1996-10-06 |   23 | 2017-02-16 | B+         |     10 |  45000 | Deeksha.kamrani0@gmail.com | Female | software-developer |
|   2 | Nisha    |    98268 | 1970-09-09 |   21 | 2014-09-12 | O+         |     20 |  23000 | Nisha.kamrani01@gmail.com  | Male   | Clerk              |
|   4 | Yash     |    45678 | 1992-04-23 |   25 | 2015-10-15 | B+         |     40 |  67000 | Yashkamrani123@gmail.com   | Male   | Tech-Support       |
|   5 | Dilip    |    76548 | 1997-07-18 |   22 | 2017-09-28 | A+         |     30 |  56000 | dilipkamrani11@gmail.com   | Male   | HR                 |
|   6 | Pari     |    73652 | 1992-03-29 |   24 | 2019-10-11 | O+         |     40 |  78000 | parisahni11@gmail.com      | Female | Software-Developer |
|   7 | Neerav   |    76549 | 1996-12-12 |   27 | 2017-10-23 | B+         |     50 |  76000 | NeeravSoni@gmail.com       | Male   | Clerk              |
|   8 | Paritosh |    45623 | 1993-06-26 |   27 | 2018-09-23 | B-         |     10 |  65000 | ParitoshSahni@gmail.com    | Male   | Software-developer |
|  10 | Jenny    |    98756 | 1995-08-11 |   22 | 2017-10-06 | B+         |     30 |  67000 | Jeny@gmail.com             | Female | HR                 |
+-----+----------+----------+------------+------+------------+------------+--------+--------+----------------------------+--------+--------------------+
8 rows in set (0.00 sec)




Que=WAQTD all the records of employee who are not working as a HR or Tester and salary is greater than 40000.

mysql> select * from employee where designation='HR' or designation='tester' and salary>40000;
+-----+-------+----------+------------+------+------------+------------+--------+--------+--------------------------+--------+-------------+
| eid | name  | mobileno | dob        | age  | doj        | bloodgroup | deptno | salary | email                    | gender | designation |
+-----+-------+----------+------------+------+------------+------------+--------+--------+--------------------------+--------+-------------+
|   5 | Dilip |    76548 | 1997-07-18 |   22 | 2017-09-28 | A+         |     30 |  56000 | dilipkamrani11@gmail.com | Male   | HR          |
|  10 | Jenny |    98756 | 1995-08-11 |   22 | 2017-10-06 | B+         |     30 |  67000 | Jeny@gmail.com           | Female | HR          |
+-----+-------+----------+------------+------+------------+------------+--------+--------+--------------------------+--------+-------------+
2 rows in set (0.00 sec)




Que=WAQTD all the employee excluding software developer who are working in deptno=20.

mysql>  select * from employee where designation!='software-developer' and deptno=20;
+-----+-------+----------+------------+------+------------+------------+--------+--------+---------------------------+--------+-------------+
| eid | name  | mobileno | dob        | age  | doj        | bloodgroup | deptno | salary | email                     | gender | designation |
+-----+-------+----------+------------+------+------------+------------+--------+--------+---------------------------+--------+-------------+
|   2 | Nisha |    98268 | 1970-09-09 |   21 | 2014-09-12 | O+         |     20 |  23000 | Nisha.kamrani01@gmail.com | Male   | Clerk       |
|   3 | Rainy |    87659 | 1998-02-18 |   24 | 2016-04-17 | A+         |     20 |  32000 | Rainy.Pandey@gmail.com    | Female | Tester      |
+-----+-------+----------+------------+------+------------+------------+--------+--------+---------------------------+--------+-------------+
2 rows in set (0.00 sec)




Que=WAQTD all the software-developer who are working for deptno=10 and 40.

mysql> select * from employee where designation='software-developer' and (deptno=10 or deptno=40);
+-----+----------+----------+------------+------+------------+------------+--------+--------+----------------------------+--------+--------------------+
| eid | name     | mobileno | dob        | age  | doj        | bloodgroup | deptno | salary | email                      | gender | designation        |
+-----+----------+----------+------------+------+------------+------------+--------+--------+----------------------------+--------+--------------------+
|   1 | Deeksha  |    89898 | 1996-10-06 |   23 | 2017-02-16 | B+         |     10 |  45000 | Deeksha.kamrani0@gmail.com | Female | software-developer |
|   6 | Pari     |    73652 | 1992-03-29 |   24 | 2019-10-11 | O+         |     40 |  78000 | parisahni11@gmail.com      | Female | Software-Developer |
|   8 | Paritosh |    45623 | 1993-06-26 |   27 | 2018-09-23 | B-         |     10 |  65000 | ParitoshSahni@gmail.com    | Male   | Software-developer |
+-----+----------+----------+------------+------+------------+------------+--------+--------+----------------------------+--------+--------------------+
3 rows in set (0.00 sec)




Que=WAQTD all the details of employee who are working in deptno 20,30,70,80.

mysql> select * from employee where deptno IN (20,30,70,80);
+-----+-------+----------+------------+------+------------+------------+--------+--------+---------------------------+--------+-------------+
| eid | name  | mobileno | dob        | age  | doj        | bloodgroup | deptno | salary | email                     | gender | designation |
+-----+-------+----------+------------+------+------------+------------+--------+--------+---------------------------+--------+-------------+
|   2 | Nisha |    98268 | 1970-09-09 |   21 | 2014-09-12 | O+         |     20 |  23000 | Nisha.kamrani01@gmail.com | Male   | Clerk       |
|   3 | Rainy |    87659 | 1998-02-18 |   24 | 2016-04-17 | A+         |     20 |  32000 | Rainy.Pandey@gmail.com    | Female | Tester      |
|   5 | Dilip |    76548 | 1997-07-18 |   22 | 2017-09-28 | A+         |     30 |  56000 | dilipkamrani11@gmail.com  | Male   | HR          |
|  10 | Jenny |    98756 | 1995-08-11 |   22 | 2017-10-06 | B+         |     30 |  67000 | Jeny@gmail.com            | Female | HR          |
+-----+-------+----------+------------+------+------------+------------+--------+--------+---------------------------+--------+-------------+
4 rows in set (0.00 sec)




Que=WAQTD name of all the employees who are working as tester, HR, admin.

 mysql> select * from employee where designation in ('tester','hr','admin');
+-----+-------+----------+------------+------+------------+------------+--------+--------+--------------------------+--------+-------------+
| eid | name  | mobileno | dob        | age  | doj        | bloodgroup | deptno | salary | email                    | gender | designation |
+-----+-------+----------+------------+------+------------+------------+--------+--------+--------------------------+--------+-------------+
|   3 | Rainy |    87659 | 1998-02-18 |   24 | 2016-04-17 | A+         |     20 |  32000 | Rainy.Pandey@gmail.com   | Female | Tester      |
|   5 | Dilip |    76548 | 1997-07-18 |   22 | 2017-09-28 | A+         |     30 |  56000 | dilipkamrani11@gmail.com | Male   | HR          |
|  10 | Jenny |    98756 | 1995-08-11 |   22 | 2017-10-06 | B+         |     30 |  67000 | Jeny@gmail.com           | Female | HR          |
+-----+-------+----------+------------+------+------------+------------+--------+--------+--------------------------+--------+-------------+
3 rows in set (0.00 sec)




Que=WAQTD the details of tester, admin, software-developer who are working in deptno=20 or 30 & salary is greater than 40000.

mysql> select * from employee where designation in ('tester','admin','software-developer') and deptno in (10,30) and salary>40000;
+-----+----------+----------+------------+------+------------+------------+--------+--------+----------------------------+--------+--------------------+
| eid | name     | mobileno | dob        | age  | doj        | bloodgroup | deptno | salary | email                      | gender | designation        |
+-----+----------+----------+------------+------+------------+------------+--------+--------+----------------------------+--------+--------------------+
|   1 | Deeksha  |    89898 | 1996-10-06 |   23 | 2017-02-16 | B+         |     10 |  45000 | Deeksha.kamrani0@gmail.com | Female | software-developer |
|   8 | Paritosh |    45623 | 1993-06-26 |   27 | 2018-09-23 | B-         |     10 |  65000 | ParitoshSahni@gmail.com    | Male   | Software-developer |
+-----+----------+----------+------------+------+------------+------------+--------+--------+----------------------------+--------+--------------------+
2 rows in set (0.00 sec)





Que=WAQTD all the record of employees excluding who is working as a tester, admin, HR.

mysql> select * from employee where designation not in ('tester','admin','HR');
+-----+----------+----------+------------+------+------------+------------+--------+--------+----------------------------+--------+--------------------+
| eid | name     | mobileno | dob        | age  | doj        | bloodgroup | deptno | salary | email                      | gender | designation        |
+-----+----------+----------+------------+------+------------+------------+--------+--------+----------------------------+--------+--------------------+
|   1 | Deeksha  |    89898 | 1996-10-06 |   23 | 2017-02-16 | B+         |     10 |  45000 | Deeksha.kamrani0@gmail.com | Female | software-developer |
|   2 | Nisha    |    98268 | 1970-09-09 |   21 | 2014-09-12 | O+         |     20 |  23000 | Nisha.kamrani01@gmail.com  | Male   | Clerk              |
|   4 | Yash     |    45678 | 1992-04-23 |   25 | 2015-10-15 | B+         |     40 |  67000 | Yashkamrani123@gmail.com   | Male   | Tech-Support       |
|   6 | Pari     |    73652 | 1992-03-29 |   24 | 2019-10-11 | O+         |     40 |  78000 | parisahni11@gmail.com      | Female | Software-Developer |
|   7 | Neerav   |    76549 | 1996-12-12 |   27 | 2017-10-23 | B+         |     50 |  76000 | NeeravSoni@gmail.com       | Male   | Clerk              |
|   8 | Paritosh |    45623 | 1993-06-26 |   27 | 2018-09-23 | B-         |     10 |  65000 | ParitoshSahni@gmail.com    | Male   | Software-developer |
+-----+----------+----------+------------+------+------------+------------+--------+--------+----------------------------+--------+--------------------+
6 rows in set (0.00 sec)





Que=WAQTD all the records of employee whose age is 20, 25, 30, 40 excluding all the detail of tester & software-developer.

mysql>  select * from employee where age in (20,22,23,45) and designation not in ('tester','software-developer');
+-----+-------+----------+------------+------+------------+------------+--------+--------+--------------------------+--------+-------------+
| eid | name  | mobileno | dob        | age  | doj        | bloodgroup | deptno | salary | email                    | gender | designation |
+-----+-------+----------+------------+------+------------+------------+--------+--------+--------------------------+--------+-------------+
|   5 | Dilip |    76548 | 1997-07-18 |   22 | 2017-09-28 | A+         |     30 |  56000 | dilipkamrani11@gmail.com | Male   | HR          |
|  10 | Jenny |    98756 | 1995-08-11 |   22 | 2017-10-06 | B+         |     30 |  67000 | Jeny@gmail.com           | Female | HR          |
+-----+-------+----------+------------+------+------------+------------+--------+--------+--------------------------+--------+-------------+
2 rows in set (0.00 sec)




Que=WAQTD all the details of employee whose age is between 20 to 40.

mysql>  select * from employee where age between 20 and 25;
+-----+---------+----------+------------+------+------------+------------+--------+--------+----------------------------+--------+--------------------+
| eid | name    | mobileno | dob        | age  | doj        | bloodgroup | deptno | salary | email                      | gender | designation        |
+-----+---------+----------+------------+------+------------+------------+--------+--------+----------------------------+--------+--------------------+
|   1 | Deeksha |    89898 | 1996-10-06 |   23 | 2017-02-16 | B+         |     10 |  45000 | Deeksha.kamrani0@gmail.com | Female | software-developer |
|   2 | Nisha   |    98268 | 1970-09-09 |   21 | 2014-09-12 | O+         |     20 |  23000 | Nisha.kamrani01@gmail.com  | Male   | Clerk              |
|   3 | Rainy   |    87659 | 1998-02-18 |   24 | 2016-04-17 | A+         |     20 |  32000 | Rainy.Pandey@gmail.com     | Female | Tester             |
|   4 | Yash    |    45678 | 1992-04-23 |   25 | 2015-10-15 | B+         |     40 |  67000 | Yashkamrani123@gmail.com   | Male   | Tech-Support       |
|   5 | Dilip   |    76548 | 1997-07-18 |   22 | 2017-09-28 | A+         |     30 |  56000 | dilipkamrani11@gmail.com   | Male   | HR                 |
|   6 | Pari    |    73652 | 1992-03-29 |   24 | 2019-10-11 | O+         |     40 |  78000 | parisahni11@gmail.com      | Female | Software-Developer |
|  10 | Jenny   |    98756 | 1995-08-11 |   22 | 2017-10-06 | B+         |     30 |  67000 | Jeny@gmail.com             | Female | HR                 |
+-----+---------+----------+------------+------+------------+------------+--------+--------+----------------------------+--------+--------------------+
7 rows in set (0.00 sec)




Que=WAQTD all the details of employee who were hired during 2017.

mysql>  select * from employee where doj between '2017-01-01' and '2017-12-31';
+-----+---------+----------+------------+------+------------+------------+--------+--------+----------------------------+--------+--------------------+
| eid | name    | mobileno | dob        | age  | doj        | bloodgroup | deptno | salary | email                      | gender | designation        |
+-----+---------+----------+------------+------+------------+------------+--------+--------+----------------------------+--------+--------------------+
|   1 | Deeksha |    89898 | 1996-10-06 |   23 | 2017-02-16 | B+         |     10 |  45000 | Deeksha.kamrani0@gmail.com | Female | software-developer |
|   5 | Dilip   |    76548 | 1997-07-18 |   22 | 2017-09-28 | A+         |     30 |  56000 | dilipkamrani11@gmail.com   | Male   | HR                 |
|   7 | Neerav  |    76549 | 1996-12-12 |   27 | 2017-10-23 | B+         |     50 |  76000 | NeeravSoni@gmail.com       | Male   | Clerk              |
|  10 | Jenny   |    98756 | 1995-08-11 |   22 | 2017-10-06 | B+         |     30 |  67000 | Jeny@gmail.com             | Female | HR                 |
+-----+---------+----------+------------+------+------------+------------+--------+--------+----------------------------+--------+--------------------+
4 rows in set (0.00 sec)





Que=WAQTD all the record of the employee excluding whose salary is in the range of 25000 to 30000.

mysql>  select * from employee where salary not between 23000 and 45000;
+-----+----------+----------+------------+------+------------+------------+--------+--------+--------------------------+--------+--------------------+
| eid | name     | mobileno | dob        | age  | doj        | bloodgroup | deptno | salary | email                    | gender | designation        |
+-----+----------+----------+------------+------+------------+------------+--------+--------+--------------------------+--------+--------------------+
|   4 | Yash     |    45678 | 1992-04-23 |   25 | 2015-10-15 | B+         |     40 |  67000 | Yashkamrani123@gmail.com | Male   | Tech-Support       |
|   5 | Dilip    |    76548 | 1997-07-18 |   22 | 2017-09-28 | A+         |     30 |  56000 | dilipkamrani11@gmail.com | Male   | HR                 |
|   6 | Pari     |    73652 | 1992-03-29 |   24 | 2019-10-11 | O+         |     40 |  78000 | parisahni11@gmail.com    | Female | Software-Developer |
|   7 | Neerav   |    76549 | 1996-12-12 |   27 | 2017-10-23 | B+         |     50 |  76000 | NeeravSoni@gmail.com     | Male   | Clerk              |
|   8 | Paritosh |    45623 | 1993-06-26 |   27 | 2018-09-23 | B-         |     10 |  65000 | ParitoshSahni@gmail.com  | Male   | Software-developer |
|  10 | Jenny    |    98756 | 1995-08-11 |   22 | 2017-10-06 | B+         |     30 |  67000 | Jeny@gmail.com           | Female | HR                 |
+-----+----------+----------+------------+------+------------+------------+--------+--------+--------------------------+--------+--------------------+
6 rows in set (0.03 sec)




Que=WAQTD all the details of employee whose name starts with P.

mysql> select * from employee where name like 'P%';
+-----+----------+----------+------------+------+------------+------------+--------+--------+-------------------------+--------+--------------------+
| eid | name     | mobileno | dob        | age  | doj        | bloodgroup | deptno | salary | email                   | gender | designation        |
+-----+----------+----------+------------+------+------------+------------+--------+--------+-------------------------+--------+--------------------+
|   6 | Pari     |    73652 | 1992-03-29 |   24 | 2019-10-11 | O+         |     40 |  78000 | parisahni11@gmail.com   | Female | Software-Developer |
|   8 | Paritosh |    45623 | 1993-06-26 |   27 | 2018-09-23 | B-         |     10 |  65000 | ParitoshSahni@gmail.com | Male   | Software-developer |
+-----+----------+----------+------------+------+------------+------------+--------+--------+-------------------------+--------+--------------------+
2 rows in set (0.00 sec)




Que=WAQTD name of the employee whose second character is i.

mysql> select * from employee where name like '_i%';
+-----+-------+----------+------------+------+------------+------------+--------+--------+---------------------------+--------+-------------+
| eid | name  | mobileno | dob        | age  | doj        | bloodgroup | deptno | salary | email                     | gender | designation |
+-----+-------+----------+------------+------+------------+------------+--------+--------+---------------------------+--------+-------------+
|   2 | Nisha |    98268 | 1970-09-09 |   21 | 2014-09-12 | O+         |     20 |  23000 | Nisha.kamrani01@gmail.com | Male   | Clerk       |
|   5 | Dilip |    76548 | 1997-07-18 |   22 | 2017-09-28 | A+         |     30 |  56000 | dilipkamrani11@gmail.com  | Male   | HR          |
+-----+-------+----------+------------+------+------------+------------+--------+--------+---------------------------+--------+-------------+
2 rows in set (0.00 sec)





Que=WAQTD the name of the employee which has atleast two i in their name.

 mysql> select * from employee where name like '%i%i%';
+-----+-------+----------+------------+------+------------+------------+--------+--------+--------------------------+--------+-------------+
| eid | name  | mobileno | dob        | age  | doj        | bloodgroup | deptno | salary | email                    | gender | designation |
+-----+-------+----------+------------+------+------------+------------+--------+--------+--------------------------+--------+-------------+
|   5 | Dilip |    76548 | 1997-07-18 |   22 | 2017-09-28 | A+         |     30 |  56000 | dilipkamrani11@gmail.com | Male   | HR          |
+-----+-------+----------+------------+------+------------+------------+--------+--------+--------------------------+--------+-------------+




Que=WAQTD the name of the employee whose name starts with S & ends with A.

mysql> select * from employee where name like 'D%A';
+-----+---------+----------+------------+------+------------+------------+--------+--------+----------------------------+--------+--------------------+
| eid | name    | mobileno | dob        | age  | doj        | bloodgroup | deptno | salary | email                      | gender | designation        |
+-----+---------+----------+------------+------+------------+------------+--------+--------+----------------------------+--------+--------------------+
|   1 | Deeksha |    89898 | 1996-10-06 |   23 | 2017-02-16 | B+         |     10 |  45000 | Deeksha.kamrani0@gmail.com | Female | software-developer |
+-----+---------+----------+------------+------+------------+------------+--------+--------+----------------------------+--------+--------------------+




Que= WAQTD all the records of the employee if the employee name begins with D or P.

mysql> select * from employee where name like 'D%' or name like 'P%';
+-----+----------+----------+------------+------+------------+------------+--------+--------+----------------------------+--------+--------------------+
| eid | name     | mobileno | dob        | age  | doj        | bloodgroup | deptno | salary | email                      | gender | designation        |
+-----+----------+----------+------------+------+------------+------------+--------+--------+----------------------------+--------+--------------------+
|   1 | Deeksha  |    89898 | 1996-10-06 |   23 | 2017-02-16 | B+         |     10 |  45000 | Deeksha.kamrani0@gmail.com | Female | software-developer |
|   5 | Dilip    |    76548 | 1997-07-18 |   22 | 2017-09-28 | A+         |     30 |  56000 | dilipkamrani11@gmail.com   | Male   | HR                 |
|   6 | Pari     |    73652 | 1992-03-29 |   24 | 2019-10-11 | O+         |     40 |  78000 | parisahni11@gmail.com      | Female | Software-Developer |
|   8 | Paritosh |    45623 | 1993-06-26 |   27 | 2018-09-23 | B-         |     10 |  65000 | ParitoshSahni@gmail.com    | Male   | Software-developer |





Que=WAQTD employee name,salary who is working in deptno 10,20,30 and job designation starts with s.

mysql> select name, salary,designation,deptno from employee where deptno in (10,20,30) and designation like 's%';
+----------+--------+--------------------+--------+
| name     | salary | designation        | deptno |
+----------+--------+--------------------+--------+
| Deeksha  |  45000 | software-developer |     10 |
| Paritosh |  65000 | Software-developer |     10 |
+----------+--------+--------------------+--------+




Que=WAQTD the sum of salary of all the employees.

mysql> select sum(salary) from employee ;
+-------------+
| sum(salary) |
+-------------+
|      509000 |
+-------------+
1 row in set (0.04 sec)




Que=WAQTD the maximum of salary of  the employees.

mysql> select max(salary) from employee;
+-------------+
| max(salary) |
+-------------+
|       78000 |
+-------------+
1 row in set (0.02 sec)




Que=WAQTD the minimum of salary of  the employees.

mysql> select min(salary) from employee;
+-------------+
| min(salary) |
+-------------+
|       23000 |
+-------------+
1 row in set (0.00 sec)




Que=WAQTD the average of salary of  the employees.

mysql> select avg(salary) from employee;
+-------------+
| avg(salary) |
+-------------+
|  56555.5556 |
+-------------+
1 row in set (0.00 sec)




Que=WAQTD the total count of  the employees.

mysql> select count(*) from employee;
+----------+
| count(*) |
+----------+
|        9 |
+----------+
1 row in set (0.02 sec)





Que=WAQTD all the results of the employee & salary should be in descending order.

mysql> select * from employee order by salary desc;
+-----+----------+----------+------------+------+------------+------------+--------+--------+----------------------------+--------+--------------------+
| eid | name     | mobileno | dob        | age  | doj        | bloodgroup | deptno | salary | email                      | gender | designation        |
+-----+----------+----------+------------+------+------------+------------+--------+--------+----------------------------+--------+--------------------+
|   6 | Pari     |    73652 | 1992-03-29 |   24 | 2019-10-11 | O+         |     40 |  78000 | parisahni11@gmail.com      | Female | Software-Developer |
|   7 | Neerav   |    76549 | 1996-12-12 |   27 | 2017-10-23 | B+         |     50 |  76000 | NeeravSoni@gmail.com       | Male   | Clerk              |
|   4 | Yash     |    45678 | 1992-04-23 |   25 | 2015-10-15 | B+         |     40 |  67000 | Yashkamrani123@gmail.com   | Male   | Tech-Support       |
|  10 | Jenny    |    98756 | 1995-08-11 |   22 | 2017-10-06 | B+         |     30 |  67000 | Jeny@gmail.com             | Female | HR                 |
|   8 | Paritosh |    45623 | 1993-06-26 |   27 | 2018-09-23 | B-         |     10 |  65000 | ParitoshSahni@gmail.com    | Male   | Software-developer |
|   5 | Dilip    |    76548 | 1997-07-18 |   22 | 2017-09-28 | A+         |     30 |  56000 | dilipkamrani11@gmail.com   | Male   | HR                 |
|   1 | Deeksha  |    89898 | 1996-10-06 |   23 | 2017-02-16 | B+         |     10 |  45000 | Deeksha.kamrani0@gmail.com | Female | software-developer |
|   3 | Rainy    |    87659 | 1998-02-18 |   24 | 2016-04-17 | A+         |     20 |  32000 | Rainy.Pandey@gmail.com     | Female | Tester             |
|   2 | Nisha    |    98268 | 1970-09-09 |   21 | 2014-09-12 | O+         |     20 |  23000 | Nisha.kamrani01@gmail.com  | Male   | Clerk              |
+-----+----------+----------+------------+------+------------+------------+--------+--------+----------------------------+--------+--------------------+
9 rows in set (0.03 sec)






Que=Create table department and insert 5 records.

mysql> create table dept (deptno int, dname varchar(170), location varchar(150));
Query OK, 0 rows affected (0.44 sec)
mysql>insert into department(deptno, dname, location) values (10, 'admin', 'delhi'),  (20, 'operation', 'bangalore'), (30, 'maintainance', 'hyderabad'), (40, 'development', 'bangalore'),  (50, 'admin', 'delhi');
Query OK, 1 row affected (0.01 sec)

mysql> select * from department;
+--------+--------------+-----------+
| deptno | dname        | location  |
+--------+--------------+-----------+
|     10 | admin        | delhi     |
|     20 | operation    | bangalore |
|     30 | maintainance | hyderabad |
|     40 | development  | bangalore  |
|     50 | admin        | delhi     |
+--------+--------------+-----------+
5 rows in set (0.00 sec)





Que=WAQTD all the records of the employee whose date of joining is same as Pari.

mysql> select * from employee where doj = (select doj from employee where name='Pari');
+-----+------+----------+------------+------+------------+------------+--------+--------+-----------------------+--------+--------------------+
| eid | name | mobileno | dob        | age  | doj        | bloodgroup | deptno | salary | email                 | gender | designation        |
+-----+------+----------+------------+------+------------+------------+--------+--------+-----------------------+--------+--------------------+
|   6 | Pari |    73652 | 1992-03-29 |   24 | 2019-10-11 | O+         |     40 |  78000 | parisahni11@gmail.com | Female | Software-Developer |
+-----+------+----------+------------+------+------------+------------+--------+--------+-----------------------+--------+--------------------+
1 row in set (0.01 sec)





Que=WAQTD all the records of the employee whose deptno is same as Pari.

mysql> select * from employee where deptno = (select deptno from employee where name='Pari');
+-----+------+----------+------------+------+------------+------------+--------+--------+--------------------------+--------+--------------------+
| eid | name | mobileno | dob        | age  | doj        | bloodgroup | deptno | salary | email                    | gender | designation        |
+-----+------+----------+------------+------+------------+------------+--------+--------+--------------------------+--------+--------------------+
|   4 | Yash |    45678 | 1992-04-23 |   25 | 2015-10-15 | B+         |     40 |  67000 | Yashkamrani123@gmail.com | Male   | Tech-Support       |
|   6 | Pari |    73652 | 1992-03-29 |   24 | 2019-10-11 | O+         |     40 |  78000 | parisahni11@gmail.com    | Female | Software-Developer |
+-----+------+----------+------------+------+------------+------------+--------+--------+--------------------------+--------+--------------------+
2 rows in set (0.00 sec)





Que=WAQTD the second maximum salary.

mysql> select max(salary) from employee where salary < (select max(salary) from employee);
+-------------+
| max(salary) |
+-------------+
|       76000 |
+-------------+
1 row in set (0.01 sec)






Que=WAQTD name of the employee who is working in a location which has atleast one 'A' in the location.

mysql>  select name from employee where deptno in (select deptno from department where location like '%A%');
+-------+
| name  |
+-------+
| Nisha |
| Rainy |
| Yash  |
| Dilip |
| Pari  |
| Jenny |
+-------+
6 rows in set (0.02 sec)





Que=WAQTD all the records of the employee who is working in 'admin','operator', 'developer'.

mysql> select * from employee where deptno in (select deptno from department where dname in ('admin','operation','development'));
+-----+----------+----------+------------+------+------------+------------+--------+--------+----------------------------+--------+--------------------+
| eid | name     | mobileno | dob        | age  | doj        | bloodgroup | deptno | salary | email                      | gender | designation        |
+-----+----------+----------+------------+------+------------+------------+--------+--------+----------------------------+--------+--------------------+
|   1 | Deeksha  |    89898 | 1996-10-06 |   23 | 2017-02-16 | B+         |     10 |  45000 | Deeksha.kamrani0@gmail.com | Female | software-developer |
|   2 | Nisha    |    98268 | 1970-09-09 |   21 | 2014-09-12 | O+         |     20 |  23000 | Nisha.kamrani01@gmail.com  | Male   | Clerk              |
|   3 | Rainy    |    87659 | 1998-02-18 |   24 | 2016-04-17 | A+         |     20 |  32000 | Rainy.Pandey@gmail.com     | Female | Tester             |
|   4 | Yash     |    45678 | 1992-04-23 |   25 | 2015-10-15 | B+         |     40 |  67000 | Yashkamrani123@gmail.com   | Male   | Tech-Support       |
|   6 | Pari     |    73652 | 1992-03-29 |   24 | 2019-10-11 | O+         |     40 |  78000 | parisahni11@gmail.com      | Female | Software-Developer |
|   7 | Neerav   |    76549 | 1996-12-12 |   27 | 2017-10-23 | B+         |     50 |  76000 | NeeravSoni@gmail.com       | Male   | Clerk              |
|   8 | Paritosh |    45623 | 1993-06-26 |   27 | 2018-09-23 | B-         |     10 |  65000 | ParitoshSahni@gmail.com    | Male   | Software-developer |
+-----+----------+----------+------------+------+------------+------------+--------+--------+----------------------------+--------+--------------------+
7 rows in set (0.01 sec)


Que=WAQTD the records of employee for each department.

mysql> select * from employee group by deptno;
+-----+---------+----------+------------+------+------------+------------+--------+--------+----------------------------+--------+--------------------+
| eid | name    | mobileno | dob        | age  | doj        | bloodgroup | deptno | salary | email                      | gender | designation        |
+-----+---------+----------+------------+------+------------+------------+--------+--------+----------------------------+--------+--------------------+
|   1 | Deeksha |    89898 | 1996-10-06 |   23 | 2017-02-16 | B+         |     10 |  45000 | Deeksha.kamrani0@gmail.com | Female | software-developer |
|   2 | Nisha   |    98268 | 1970-09-09 |   21 | 2014-09-12 | O+         |     20 |  23000 | Nisha.kamrani01@gmail.com  | Male   | Clerk              |
|   5 | Dilip   |    76548 | 1997-07-18 |   22 | 2017-09-28 | A+         |     30 |  56000 | dilipkamrani11@gmail.com   | Male   | HR                 |
|   4 | Yash    |    45678 | 1992-04-23 |   25 | 2015-10-15 | B+         |     40 |  67000 | Yashkamrani123@gmail.com   | Male   | Tech-Support       |
|   7 | Neerav  |    76549 | 1996-12-12 |   27 | 2017-10-23 | B+         |     50 |  76000 | NeeravSoni@gmail.com       | Male   | Clerk              |
+-----+---------+----------+------------+------+------------+------------+--------+--------+----------------------------+--------+--------------------+
5 rows in set (0.00 sec)


 

Que=WAQTD the maximum salary for each department.

mysql> select max(salary) from employee group by deptno;
+-------------+
| max(salary) |
+-------------+
|       65000 |
|       32000 |
|       67000 |
|       78000 |
|       76000 |
+-------------+
5 rows in set (0.00 sec)




Que=WAQTD the highest salary given to HR in each department.

mysql> select deptno, max(salary) from employee where designation='HR' group by deptno;
+--------+-------------+
| deptno | max(salary) |
+--------+-------------+
|     30 |       67000 |
+--------+-------------+
1 row in set (0.00 sec)




Que=WAQTD deptno which has atleast two employee working.

mysql> select deptno from employee group by deptno having count(*)>=2;
+--------+
| deptno |
+--------+
|     10 |
|     20 |
|     30 |
|     40 |
+--------+
4 rows in set (0.00 sec)






mysql> insert into products(pid,pname,quantity) values (1,'watch',23), (2,'shoes',56), (3,'clothes',98);
Query OK, 3 rows affected (0.04 sec)

mysql> select * from products;
+------+---------+----------+
| pid  | pname   | quantity |
+------+---------+----------+
|    1 | watch   |       23 |
|    2 | shoes   |       56 |
|    3 | clothes |       98 |
+------+---------+----------+
3 rows in set (0.00 sec)

mysql> rollback;
Query OK, 0 rows affected (0.00 sec)


mysql> select * from products;
+------+---------+----------+
| pid  | pname   | quantity |
+------+---------+----------+
|    1 | watch   |       23 |
|    2 | shoes   |       56 |
|    3 | clothes |       98 |
+------+---------+----------+
3 rows in set (0.00 sec)

mysql> insert into products(pid,pname,quantity) values (4,'jwellery',34);
Query OK, 1 row affected (0.01 sec)

mysql> set autocommit=0;
Query OK, 0 rows affected (0.00 sec)

mysql> insert into products(pid,pname,quantity) values (5,'tv',87);
Query OK, 1 row affected (0.00 sec)

mysql> select * from products;
+------+----------+----------+
| pid  | pname    | quantity |
+------+----------+----------+
|    1 | watch    |       23 |
|    2 | shoes    |       56 |
|    3 | clothes  |       98 |
|    4 | jwellery |       34 |
|    5 | tv       |       87 |
+------+----------+----------+
5 rows in set (0.00 sec)

mysql> rollback;
Query OK, 0 rows affected (0.01 sec)

mysql> select * from products;
+------+----------+----------+
| pid  | pname    | quantity |
+------+----------+----------+
|    1 | watch    |       23 |
|    2 | shoes    |       56 |
|    3 | clothes  |       98 |
|    4 | jwellery |       34 |
+------+----------+----------+
4 rows in set (0.00 sec)

mysql> update products set quantity=23 where pid=1;
Query OK, 0 rows affected (0.01 sec)
Rows matched: 1  Changed: 0  Warnings: 0

mysql> commit;
Query OK, 0 rows affected (0.00 sec)

mysql> select * from products;
+------+----------+----------+
| pid  | pname    | quantity |
+------+----------+----------+
|    1 | watch    |       23 |
|    2 | shoes    |       56 |
|    3 | clothes  |       98 |
|    4 | jwellery |       34 |
+------+----------+----------+
4 rows in set (0.00 sec)

mysql> rollback;
Query OK, 0 rows affected (0.00 sec)

mysql> select * from products;
+------+----------+----------+
| pid  | pname    | quantity |
+------+----------+----------+
|    1 | watch    |       23 |
|    2 | shoes    |       56 |
|    3 | clothes  |       98 |
|    4 | jwellery |       34 |
+------+----------+----------+
4 rows in set (0.00 sec)






